id,first_name,last_name,passport_number,birthdate,city,state
1,Christopher,Good,626203556,1963-05-30,Mobile,AL
2,Ruby,Lopez,725276435,1978-08-29,Texarkana,TX
3,Juan,Johnson,792800795,1968-02-24,Concord,CA
4,Ray,Rice,364698863,1976-10-07,Perth Amboy,NJ
5,Sandra,Gautier,947556149,1958-12-04,Houston,TX
6,Edward,Diaz,501854072,1989-01-21,Asheville,NC
7,Marlene,Diaz,901426154,1971-01-24,Asheville,NC
8,William,Harding,397697940,2000-01-29,West Frankfort,IL
9,Lora,Dunlap,299333808,1991-07-05,Tigard,OR
10,Gloria,Ellis,487184681,1995-08-23,Gibson,TN
11,Jennifer,Gray,311277716,1997-05-01,Asheville,NC
12,Michael,Jones,472094918,1953-10-23,Birmingham,AL
13,Mark,Wood,851421227,1999-10-24,Philadelphia,PA
14,Sabrina,McNew,724204685,1970-10-21,Newark,NJ
15,Kimberly,Diaz,377117936,1983-12-24,Asheville,NC
16,Anna,Wood,996459030,1978-01-24,Portage,MI
17,David,Peck,746336749,1974-08-16,Santa Ana,CA
18,Winifred,Baker,111324248,1979-05-25,Minneapolis,MN
19,Natasha,Trotter,422469657,1964-11-27,Duluth,GA
20,Brenda,Hess,314013880,1957-01-18,Delta,PA
21,Diane,Sawyer,554853254,2000-06-16,Pittsburgh,PA
22,Sally,Jackson,478932884,1956-02-22,Metairie,LA
23,Sandra,Henley,421655152,1979-09-05,Tatum,TX
24,Thelma,Patrick,111793678,1984-05-14,West Valley City,UT
25,Anne,Rowley,617453805,1978-10-30,San Antonio,TX
26,Gail,Gardner,877265135,1972-10-02,Philadelphia,PA
27,Zachary,Bowling,389170878,1989-06-25,Newark,NJ
28,Elbert,Levy,764758795,1997-07-26,Hebron,IN
29,Elizabeth,Arnold,775583582,1973-06-21,Portland,OR
30,Lisa,Smith,269949181,1963-11-05,East Bernard,TX
31,Chrystal,Levy,935970699,1960-06-17,Livermore Falls,ME
32,Julie,Wray,745655569,1960-09-26,New York,NY
33,Daniel,Bennett,282996355,1996-07-18,Whitestone,NY
34,Jerry,Powell,438244532,1986-06-06,Angleton,TX
35,Wanda,Eames,797656000,1997-02-07,Virginia Beach,VA
36,Jeannine,Thomason,928270356,1958-10-09,San Francisco,CA
37,Danna,Stuart,615052645,1977-11-04,Clinton,ME
38,Richard,Levy,537267538,1983-03-26,Boca Raton,FL
39,Jill,Gibson,652918375,1959-12-27,Oroville,CA
40,Sharon,McCartney,294199569,1971-04-30,Dearborn,MI
41,Alana,Gatlin,360746422,1988-10-25,Houston,TX
42,Robert,Levy,683285158,1964-12-10,Livermore Falls,ME
43,Leland,Little,554709313,1981-09-18,Memphis,TN
44,Lauren,Diaz,359162818,1979-06-20,Asheville,NC
45,Michael,Parrott,623525328,1958-02-23,Irvine,CA
46,Chanel,Dunbar,528306074,1989-05-29,Oates,MO
47,Kathy,Clark,719910966,1993-06-22,Baltimore,MD
48,Valerie,Noriega,976995847,1995-09-01,Memphis,TN
49,Jess,Gautier,909703606,1956-11-27,Houston,TX
50,Ashlie,Cooper,520901472,1952-12-04,Saint Louis,MO